group,city,state,statePop,ideology,gpsByState,gpsPerCapita
Great Millstone,Birmingham,Alabama,4864680,Black Separatist,16,0.3289013871416003
Israel United In Christ,Birmingham,Alabama,4864680,Black Separatist,16,0.3289013871416003
Nation of Islam,Birmingham,Alabama,4864680,Black Separatist,16,0.3289013871416003
Occidental Dissent,Eufaula,Alabama,4864680,White Nationalist,16,0.3289013871416003
Israelites Saints of Christ,Huntsville,Alabama,4864680,Black Separatist,16,0.3289013871416003
League of the South,Killen,Alabama,4864680,Neo-Confederate,16,0.3289013871416003
Israel United In Christ,Mobile,Alabama,4864680,Black Separatist,16,0.3289013871416003
Nation of Islam,Mobile,Alabama,4864680,Black Separatist,16,0.3289013871416003
Nation of Islam,Montgomery,Alabama,4864680,Black Separatist,16,0.3289013871416003
League of the South,Weogufka,Alabama,4864680,Neo-Confederate,16,0.3289013871416003
Proud Boys,NA,Alabama,4864680,General Hate,16,0.3289013871416003
United Klans of America,NA,Alabama,4864680,Ku Klux Klan,16,0.3289013871416003
National Socialist Liberation Front,NA,Alabama,4864680,Neo-Nazi,16,0.3289013871416003
The Daily Stormer,NA,Alabama,4864680,Neo-Nazi,16,0.3289013871416003
Wolves of Vinland,NA,Alabama,4864680,Neo-Volkisch,16,0.3289013871416003
The Right Stuff,NA,Alabama,4864680,White Nationalist,16,0.3289013871416003
Last Frontier Evangelism - Repent Alaska,Anchorage,Alaska,738516,General Hate,2,0.2708133608479708
Asatru Folk Assembly,NA,Alaska,738516,Neo-Volkisch,2,0.2708133608479708
Family Watch International,Gilbert,Arizona,6946685,Anti-LGBTQ,21,0.3023024651326496
United Families International,Gilbert,Arizona,6946685,Anti-LGBTQ,21,0.3023024651326496
Patriot Movement AZ,Litchfield Park,Arizona,6946685,General Hate,21,0.3023024651326496
National Socialist Movement,Maricopa,Arizona,6946685,Neo-Nazi,21,0.3023024651326496
Bomb Islam,Phoenix,Arizona,6946685,Anti-Muslim,21,0.3023024651326496
Israel United In Christ,Phoenix,Arizona,6946685,Black Separatist,21,0.3023024651326496
Israelite School of Universal Practical Knowledge,Phoenix,Arizona,6946685,Black Separatist,21,0.3023024651326496
Nation of Islam,Phoenix,Arizona,6946685,Black Separatist,21,0.3023024651326496
True Nation Israelite Congregation,Phoenix,Arizona,6946685,Black Separatist,21,0.3023024651326496
Alliance Defending Freedom,Scottsdale,Arizona,6946685,Anti-LGBTQ,21,0.3023024651326496
American Border Patrol,Sierra Vista,Arizona,6946685,Anti-Immigrant,21,0.3023024651326496
Faithful Word Baptist Church,Tempe,Arizona,6946685,Anti-LGBTQ,21,0.3023024651326496
Faithful Word Baptist Church,Tucson,Arizona,6946685,Anti-LGBTQ,21,0.3023024651326496
ACT for America,Tucson,Arizona,6946685,Anti-Muslim,21,0.3023024651326496
Nation of Islam,Tucson,Arizona,6946685,Black Separatist,21,0.3023024651326496
AZ Patriots,NA,Arizona,6946685,Anti-Immigrant,21,0.3023024651326496
Proud Boys,NA,Arizona,6946685,General Hate,21,0.3023024651326496
Wotan's Nation,NA,Arizona,6946685,Neo-Volkisch,21,0.3023024651326496
Firm 22,NA,Arizona,6946685,Racist Skinhead,21,0.3023024651326496
American Identity Movement,NA,Arizona,6946685,White Nationalist,21,0.3023024651326496
Patriot Front,NA,Arizona,6946685,White Nationalist,21,0.3023024651326496
Tightrope,Calico Rock,Arkansas,2990671,Hate Music,15,0.5015596834289027
Christian Revival Center,Harrison,Arkansas,2990671,Christian Identity,15,0.5015596834289027
Kingdom Identity Ministries,Harrison,Arkansas,2990671,Christian Identity,15,0.5015596834289027
Ozark Craft LC,Harrison,Arkansas,2990671,General Hate,15,0.5015596834289027
Knights of the Ku Klux Klan,Harrison,Arkansas,2990671,Ku Klux Klan,15,0.5015596834289027
League of the South,Harrison,Arkansas,2990671,Neo-Confederate,15,0.5015596834289027
Revolutionary Black Panther Party,Hope,Arkansas,2990671,Black Separatist,15,0.5015596834289027
ACT for America,Jonesboro,Arkansas,2990671,Anti-Muslim,15,0.5015596834289027
Great Millstone,Little Rock,Arkansas,2990671,Black Separatist,15,0.5015596834289027
Israel United In Christ,Little Rock,Arkansas,2990671,Black Separatist,15,0.5015596834289027
Proud Boys,Little Rock,Arkansas,2990671,General Hate,15,0.5015596834289027
Shieldwall Network,Mountain View,Arkansas,2990671,White Nationalist,15,0.5015596834289027
Nation of Islam,North Little Rock,Arkansas,2990671,Black Separatist,15,0.5015596834289027
Nation of Islam,Pine Bluff,Arkansas,2990671,Black Separatist,15,0.5015596834289027
Patriot Front,NA,Arkansas,2990671,White Nationalist,15,0.5015596834289027
Proud Boys,Anaheim,California,39148760,General Hate,88,0.22478362022194318
Right Brand Clothing,Anaheim,California,39148760,White Nationalist,88,0.22478362022194318
Israel United In Christ,Bakersfield,California,39148760,Black Separatist,88,0.22478362022194318
American Identity Movement,Berkeley,California,39148760,White Nationalist,88,0.22478362022194318
Asatru Folk Assembly,Brownsville,California,39148760,Neo-Volkisch,88,0.22478362022194318
Tony Alamo Christian Ministries,Canyon Country,California,39148760,General Hate,88,0.22478362022194318
Nation of Islam,Compton,California,39148760,Black Separatist,88,0.22478362022194318
ACT for America,Corona,California,39148760,Anti-Muslim,88,0.22478362022194318
First Works Baptist Church,El Monte,California,39148760,Anti-LGBTQ,88,0.22478362022194318
American Freedom Alliance,Encino,California,39148760,Anti-Muslim,88,0.22478362022194318
Proud Boys,Fresno,California,39148760,General Hate,88,0.22478362022194318
Wolf Age,Grass Valley,California,39148760,Neo-Volkisch,88,0.22478362022194318
Rise Above Movement,Huntington Beach,California,39148760,White Nationalist,88,0.22478362022194318
House of Israel,Inglewood,California,39148760,Black Separatist,88,0.22478362022194318
Occidental Observer,Laguna Hills,California,39148760,White Nationalist,88,0.22478362022194318
ACT for America,Laguna Woods,California,39148760,Anti-Muslim,88,0.22478362022194318
Sicarii 1715,Long Beach,California,39148760,Black Separatist,88,0.22478362022194318
ACT for America,Los Angeles,California,39148760,Anti-Muslim,88,0.22478362022194318
Glasov Gang Productions,Los Angeles,California,39148760,Anti-Muslim,88,0.22478362022194318
Black Riders Liberation Party,Los Angeles,California,39148760,Black Separatist,88,0.22478362022194318
Great Millstone,Los Angeles,California,39148760,Black Separatist,88,0.22478362022194318
Israel United In Christ,Los Angeles,California,39148760,Black Separatist,88,0.22478362022194318
Israelite School of Universal Practical Knowledge,Los Angeles,California,39148760,Black Separatist,88,0.22478362022194318
Nation of Islam,Los Angeles,California,39148760,Black Separatist,88,0.22478362022194318
True Nation Israelite Congregation,Los Angeles,California,39148760,Black Separatist,88,0.22478362022194318
Official Street Preachers,Los Angeles,California,39148760,General Hate,88,0.22478362022194318
The King Samir Black Survival Group,Los Angeles,California,39148760,General Hate,88,0.22478362022194318
Tradition in Action,Los Angeles,California,39148760,Radical Traditional Catholicism,88,0.22478362022194318
American Freedom Party,Los Angeles,California,39148760,White Nationalist,88,0.22478362022194318
American Identity Movement,Los Angeles,California,39148760,White Nationalist,88,0.22478362022194318
The Base,Los Angeles,California,39148760,White Nationalist,88,0.22478362022194318
The Right Stuff,Los Angeles,California,39148760,White Nationalist,88,0.22478362022194318
Committee for Open Debate on the Holocaust,Mill Valley,California,39148760,Holocaust Denial,88,0.22478362022194318
ACT for America,Mission Viejo,California,39148760,Anti-Muslim,88,0.22478362022194318
Institute for Historical Review,Newport Beach,California,39148760,Holocaust Denial,88,0.22478362022194318
Golden State Skinheads,Northern,California,39148760,Racist Skinhead,88,0.22478362022194318
Great Millstone,Oakland,California,39148760,Black Separatist,88,0.22478362022194318
Israelite School of Universal Practical Knowledge,Oakland,California,39148760,Black Separatist,88,0.22478362022194318
Nation of Islam,Oakland,California,39148760,Black Separatist,88,0.22478362022194318
Chick Publications,Ontario,California,39148760,General Hate,88,0.22478362022194318
The Realist Report,Poway,California,39148760,Holocaust Denial,88,0.22478362022194318
Nation of Islam,Rialto,California,39148760,Black Separatist,88,0.22478362022194318
Pacific Justice Institute,Sacramento,California,39148760,Anti-LGBTQ,88,0.22478362022194318
Save California,Sacramento,California,39148760,Anti-LGBTQ,88,0.22478362022194318
Verity Baptist Church,Sacramento,California,39148760,Anti-LGBTQ,88,0.22478362022194318
Israel United In Christ,Sacramento,California,39148760,Black Separatist,88,0.22478362022194318
Proud Boys,Sacramento,California,39148760,General Hate,88,0.22478362022194318
American Identity Movement,Sacramento,California,39148760,White Nationalist,88,0.22478362022194318
Sicarii 1715,San Bernardino,California,39148760,Black Separatist,88,0.22478362022194318
San Diegans for Secure Borders,San Diego,California,39148760,Anti-Immigrant,88,0.22478362022194318
Mass Resistance,San Diego,California,39148760,Anti-LGBTQ,88,0.22478362022194318
Nation of Islam,San Diego,California,39148760,Black Separatist,88,0.22478362022194318
Sicarii 1715,San Diego,California,39148760,Black Separatist,88,0.22478362022194318
Proud Boys,San Diego,California,39148760,General Hate,88,0.22478362022194318
Asatru Folk Assembly,San Diego,California,39148760,Neo-Volkisch,88,0.22478362022194318
ACT for America,San Fernando Valley,California,39148760,Anti-Muslim,88,0.22478362022194318
Asatru Folk Assembly,San Francisco,California,39148760,Neo-Volkisch,88,0.22478362022194318
Counter-Currents Publishing,San Francisco,California,39148760,White Nationalist,88,0.22478362022194318
ACT for America,San Gabriel Valley,California,39148760,Anti-Muslim,88,0.22478362022194318
White Aryan Resistance,San Jacinto,California,39148760,Neo-Nazi,88,0.22478362022194318
Pacific Justice Institute,San Jose,California,39148760,Anti-LGBTQ,88,0.22478362022194318
American Identity Movement,San Luis Obispo,California,39148760,White Nationalist,88,0.22478362022194318
Pacific Justice Institute,Santa Ana,California,39148760,Anti-LGBTQ,88,0.22478362022194318
ACT for America,Santa Clarita,California,39148760,Anti-Muslim,88,0.22478362022194318
Counter Jihad Coalition,Santa Monica,California,39148760,Anti-Muslim,88,0.22478362022194318
European-American Evangelistic Crusades,Sheridan,California,39148760,General Hate,88,0.22478362022194318
David Horowitz Freedom Center,Sherman Oaks,California,39148760,Anti-Muslim,88,0.22478362022194318
Jihad Watch,Sherman Oaks,California,39148760,Anti-Muslim,88,0.22478362022194318
Golden State Skinheads,Southern,California,39148760,Racist Skinhead,88,0.22478362022194318
Mountain Minutemen,Tecate,California,39148760,Anti-Immigrant,88,0.22478362022194318
Mass Resistance,Torrance,California,39148760,Anti-LGBTQ,88,0.22478362022194318
Chalcedon Foundation,Vallecito,California,39148760,Anti-LGBTQ,88,0.22478362022194318
Californians for Population Stabilization,Ventura,California,39148760,Anti-Immigrant,88,0.22478362022194318
Soldiers of Odin,NA,California,39148760,Anti-Muslim,88,0.22478362022194318
Israelites Saints of Christ,NA,California,39148760,Black Separatist,88,0.22478362022194318
Vinlandic Werwolf Distribution,NA,California,39148760,Hate Music,88,0.22478362022194318
Pacific Coast Knights of the Ku Klux Klan,NA,California,39148760,Ku Klux Klan,88,0.22478362022194318
American Nazi Party,NA,California,39148760,Neo-Nazi,88,0.22478362022194318
Atomwaffen Division,NA,California,39148760,Neo-Nazi,88,0.22478362022194318
Feuerkrieg Division,NA,California,39148760,Neo-Nazi,88,0.22478362022194318
The Daily Stormer,NA,California,39148760,Neo-Nazi,88,0.22478362022194318
Viking Brotherhood,NA,California,39148760,Neo-Volkisch,88,0.22478362022194318
AC Skins,NA,California,39148760,Racist Skinhead,88,0.22478362022194318
American Front,NA,California,39148760,Racist Skinhead,88,0.22478362022194318
Crew 38,NA,California,39148760,Racist Skinhead,88,0.22478362022194318
Western Hammerskins,NA,California,39148760,Racist Skinhead,88,0.22478362022194318
Our Fight Clothing,NA,California,39148760,White Nationalist,88,0.22478362022194318
Patriot Front,NA,California,39148760,White Nationalist,88,0.22478362022194318
American Identity Movement,Boulder,Colorado,5531141,White Nationalist,22,0.3977479511008669
Family Research Institute,Colorado Springs,Colorado,5531141,Anti-LGBTQ,22,0.3977479511008669
The Pray in Jesus Name Project,Colorado Springs,Colorado,5531141,Anti-LGBTQ,22,0.3977479511008669
American Identity Movement,Colorado Springs,Colorado,5531141,White Nationalist,22,0.3977479511008669
Mass Resistance,Denver,Colorado,5531141,Anti-LGBTQ,22,0.3977479511008669
Great Millstone,Denver,Colorado,5531141,Black Separatist,22,0.3977479511008669
Israel United In Christ,Denver,Colorado,5531141,Black Separatist,22,0.3977479511008669
Nation of Islam,Denver,Colorado,5531141,Black Separatist,22,0.3977479511008669
New Black Panther Party for Self Defense,Denver,Colorado,5531141,Black Separatist,22,0.3977479511008669
American Identity Movement,Denver,Colorado,5531141,White Nationalist,22,0.3977479511008669
Generations,Elizabeth,Colorado,5531141,Anti-LGBTQ,22,0.3977479511008669
Sea Jay Foundation,Highlands Ranch,Colorado,5531141,Anti-Muslim,22,0.3977479511008669
Colorado Alliance for Immigration Reform,Lakewood,Colorado,5531141,Anti-Immigrant,22,0.3977479511008669
Scriptures for America Worldwide Ministries,Laporte,Colorado,5531141,Christian Identity,22,0.3977479511008669
Northern Kingdom Prophets,Pueblo,Colorado,5531141,Black Separatist,22,0.3977479511008669
ACT for America,Walsenburg,Colorado,5531141,Anti-Muslim,22,0.3977479511008669
MSR Productions,Wheat Ridge,Colorado,5531141,Hate Music,22,0.3977479511008669
Proud Boys,NA,Colorado,5531141,General Hate,22,0.3977479511008669
Atomwaffen Division,NA,Colorado,5531141,Neo-Nazi,22,0.3977479511008669
Asatru Folk Assembly,NA,Colorado,5531141,Neo-Volkisch,22,0.3977479511008669
Patriot Front,NA,Colorado,5531141,White Nationalist,22,0.3977479511008669
The Right Stuff,NA,Colorado,5531141,White Nationalist,22,0.3977479511008669
ACT for America,Cheshire,Connecticut,3581504,Anti-Muslim,8,0.223369846857633
Israelite School of Universal Practical Knowledge,Hartford,Connecticut,3581504,Black Separatist,8,0.223369846857633
The United Nuwaupians Worldwide/All Eyes on Egipt,Hartford,Connecticut,3581504,General Hate,8,0.223369846857633
ACT for America,NA,Connecticut,3581504,Anti-Muslim,8,0.223369846857633
Proud Boys,NA,Connecticut,3581504,General Hate,8,0.223369846857633
National Socialist Movement,NA,Connecticut,3581504,Neo-Nazi,8,0.223369846857633
American Identity Movement,NA,Connecticut,3581504,White Nationalist,8,0.223369846857633
Patriot Front,NA,Connecticut,3581504,White Nationalist,8,0.223369846857633
ACT for America,Bear,Delaware,949495,Anti-Muslim,3,0.31595743000226434
Israelite School of Universal Practical Knowledge,Wilmington,Delaware,949495,Black Separatist,3,0.31595743000226434
Nation of Islam,Wilmington,Delaware,949495,Black Separatist,3,0.31595743000226434
Citizens for National Security,Boca Raton,Florida,20598139,Anti-Muslim,67,0.32527210346526936
American Freedom Party,Bradenton,Florida,20598139,White Nationalist,67,0.32527210346526936
Revival Baptist Church,Clermont,Florida,20598139,Anti-LGBTQ,67,0.32527210346526936
D. James Kennedy Ministries,Fort Lauderdale,Florida,20598139,Anti-LGBTQ,67,0.32527210346526936
Nation of Islam,Fort Lauderdale,Florida,20598139,Black Separatist,67,0.32527210346526936
American College of Pediatricians,Gainesville,Florida,20598139,Anti-LGBTQ,67,0.32527210346526936
ACT for America,Heathrow,Florida,20598139,Anti-Muslim,67,0.32527210346526936
Sharkhunters International,Hernando,Florida,20598139,General Hate,67,0.32527210346526936
Cultures In Context Incorporated/Turning Point Project,Immokalee,Florida,20598139,Anti-Muslim,67,0.32527210346526936
Stedfast Baptist Church,Jacksonville,Florida,20598139,Anti-LGBTQ,67,0.32527210346526936
ACT for America,Jacksonville,Florida,20598139,Anti-Muslim,67,0.32527210346526936
Israel United In Christ,Jacksonville,Florida,20598139,Black Separatist,67,0.32527210346526936
Israelite School of Universal Practical Knowledge,Jacksonville,Florida,20598139,Black Separatist,67,0.32527210346526936
Nation of Islam,Jacksonville,Florida,20598139,Black Separatist,67,0.32527210346526936
New Black Panther Party for Self Defense,Jacksonville,Florida,20598139,Black Separatist,67,0.32527210346526936
Proud Boys,Jacksonville,Florida,20598139,General Hate,67,0.32527210346526936
League of the South,Jacksonville,Florida,20598139,Neo-Confederate,67,0.32527210346526936
National Socialist Movement,Kissimmee,Florida,20598139,Neo-Nazi,67,0.32527210346526936
League of the South,Lake City,Florida,20598139,Neo-Confederate,67,0.32527210346526936
The United West,Lake Worth,Florida,20598139,Anti-Muslim,67,0.32527210346526936
American Freedom Party,Lakewood Ranch,Florida,20598139,White Nationalist,67,0.32527210346526936
Insight USA,Longwood,Florida,20598139,General Hate,67,0.32527210346526936
Great Millstone,Miami,Florida,20598139,Black Separatist,67,0.32527210346526936
Israel United In Christ,Miami,Florida,20598139,Black Separatist,67,0.32527210346526936
Nation of Islam,Miami,Florida,20598139,Black Separatist,67,0.32527210346526936
Proud Boys,Miami,Florida,20598139,General Hate,67,0.32527210346526936
League of the South,Ocala,Florida,20598139,Neo-Confederate,67,0.32527210346526936
Liberty Counsel,Orlando,Florida,20598139,Anti-LGBTQ,67,0.32527210346526936
Israel United In Christ,Orlando,Florida,20598139,Black Separatist,67,0.32527210346526936
Nation of Kings and Priests,Orlando,Florida,20598139,Black Separatist,67,0.32527210346526936
Sicarii 1715,Orlando,Florida,20598139,Black Separatist,67,0.32527210346526936
Proud Boys,Orlando,Florida,20598139,General Hate,67,0.32527210346526936
Christogenea,Panama City,Florida,20598139,Christian Identity,67,0.32527210346526936
League of the South,Panama City,Florida,20598139,Neo-Confederate,67,0.32527210346526936
Nation of Islam,Pensacola,Florida,20598139,Black Separatist,67,0.32527210346526936
Floridians for Immigration Enforcement,Pompano Beach,Florida,20598139,Anti-Immigrant,67,0.32527210346526936
Proud Boys,Sarasota,Florida,20598139,General Hate,67,0.32527210346526936
Nation of Islam,St. Petersburg,Florida,20598139,Black Separatist,67,0.32527210346526936
Bill Keller Ministries,St. Petersburg,Florida,20598139,General Hate,67,0.32527210346526936
Israel United In Christ,Tallahassee,Florida,20598139,Black Separatist,67,0.32527210346526936
Real Republic of Florida,Tallahassee,Florida,20598139,White Nationalist,67,0.32527210346526936
Florida Family Association,Tampa,Florida,20598139,Anti-Muslim,67,0.32527210346526936
Great Millstone,Tampa,Florida,20598139,Black Separatist,67,0.32527210346526936
Israelite School of Universal Practical Knowledge,Tampa,Florida,20598139,Black Separatist,67,0.32527210346526936
Nation of Islam,Tampa,Florida,20598139,Black Separatist,67,0.32527210346526936
New Black Panther Party for Self Defense,Tampa,Florida,20598139,Black Separatist,67,0.32527210346526936
Proud Boys,Tampa,Florida,20598139,General Hate,67,0.32527210346526936
ACT for America,Viera,Florida,20598139,Anti-Muslim,67,0.32527210346526936
Great Millstone,West Palm Beach,Florida,20598139,Black Separatist,67,0.32527210346526936
Stormfront,West Palm Beach,Florida,20598139,White Nationalist,67,0.32527210346526936
Legal Immigrants for America,Winter Springs,Florida,20598139,Anti-Immigrant,67,0.32527210346526936
American Christian Dixie Knights of the Ku Klux Klan,NA,Florida,20598139,Ku Klux Klan,67,0.32527210346526936
International Keystone Knights of the Ku Klux Klan,NA,Florida,20598139,Ku Klux Klan,67,0.32527210346526936
Traditionalist American Knights of the Ku Klux Klan,NA,Florida,20598139,Ku Klux Klan,67,0.32527210346526936
Identity Dixie,NA,Florida,20598139,Neo-Confederate,67,0.32527210346526936
Atomwaffen Division,NA,Florida,20598139,Neo-Nazi,67,0.32527210346526936
Endangered Souls RC/Crew 519,NA,Florida,20598139,Neo-Nazi,67,0.32527210346526936
Feuerkrieg Division,NA,Florida,20598139,Neo-Nazi,67,0.32527210346526936
New Order,NA,Florida,20598139,Neo-Nazi,67,0.32527210346526936
Asatru Folk Assembly,NA,Florida,20598139,Neo-Volkisch,67,0.32527210346526936
Wolves of Vinland,NA,Florida,20598139,Neo-Volkisch,67,0.32527210346526936
Firm 22,NA,Florida,20598139,Racist Skinhead,67,0.32527210346526936
United Skinhead Nation,NA,Florida,20598139,Racist Skinhead,67,0.32527210346526936
Vinlanders Social Club,NA,Florida,20598139,Racist Skinhead,67,0.32527210346526936
American Identity Movement,NA,Florida,20598139,White Nationalist,67,0.32527210346526936
Patriot Front,NA,Florida,20598139,White Nationalist,67,0.32527210346526936
The Right Stuff,NA,Florida,20598139,White Nationalist,67,0.32527210346526936
League of the South,Aragon,Georgia,10297484,Neo-Confederate,38,0.36902218056371827
The United Nuwaupians Worldwide/All Eyes on Egipt,Athens,Georgia,10297484,General Hate,38,0.36902218056371827
Great Millstone,Atlanta,Georgia,10297484,Black Separatist,38,0.36902218056371827
House of Israel,Atlanta,Georgia,10297484,Black Separatist,38,0.36902218056371827
International Society of Indigenous Sovereigns,Atlanta,Georgia,10297484,Black Separatist,38,0.36902218056371827
Israel United In Christ,Atlanta,Georgia,10297484,Black Separatist,38,0.36902218056371827
Israelite School of Universal Practical Knowledge,Atlanta,Georgia,10297484,Black Separatist,38,0.36902218056371827
Nation of Islam,Atlanta,Georgia,10297484,Black Separatist,38,0.36902218056371827
New Black Panther Party,Atlanta,Georgia,10297484,Black Separatist,38,0.36902218056371827
New Black Panther Party for Self Defense,Atlanta,Georgia,10297484,Black Separatist,38,0.36902218056371827
Sicarii 1715,Atlanta,Georgia,10297484,Black Separatist,38,0.36902218056371827
Luxor Couture,Atlanta,Georgia,10297484,General Hate,38,0.36902218056371827
Proud Boys,Atlanta,Georgia,10297484,General Hate,38,0.36902218056371827
Affirmative Right,Atlanta,Georgia,10297484,White Nationalist,38,0.36902218056371827
Occidental Quarterly/Charles Martel Society,Atlanta,Georgia,10297484,White Nationalist,38,0.36902218056371827
True Nation Israelite Congregation,Augusta,Georgia,10297484,Black Separatist,38,0.36902218056371827
Nationalist Liberty Union,Augusta,Georgia,10297484,General Hate,38,0.36902218056371827
Covenant People's Ministry,Brooks,Georgia,10297484,Christian Identity,38,0.36902218056371827
Nation of Islam,Brunswick,Georgia,10297484,Black Separatist,38,0.36902218056371827
League of the South,Cartersville,Georgia,10297484,Neo-Confederate,38,0.36902218056371827
Sunshine on Government (SONG) Alliance,Covington,Georgia,10297484,Anti-Muslim,38,0.36902218056371827
American Patriots USA,Dahlonega,Georgia,10297484,White Nationalist,38,0.36902218056371827
United Northern and Southern Knights of the Ku Klux Klan,Ellijay,Georgia,10297484,Ku Klux Klan,38,0.36902218056371827
The United Nuwaupians Worldwide/All Eyes on Egipt,Lithonia,Georgia,10297484,General Hate,38,0.36902218056371827
All Eyes On Egypt Bookstore,Macon,Georgia,10297484,General Hate,38,0.36902218056371827
The Dustin Inman Society,Marietta,Georgia,10297484,Anti-Immigrant,38,0.36902218056371827
Strong Hold Baptist Church,Norcross,Georgia,10297484,Anti-LGBTQ,38,0.36902218056371827
American Vision,Powder Springs,Georgia,10297484,Anti-LGBTQ,38,0.36902218056371827
League of the South,Powder Springs,Georgia,10297484,Neo-Confederate,38,0.36902218056371827
The Base,Rome,Georgia,10297484,White Nationalist,38,0.36902218056371827
Israel United In Christ,Savannah,Georgia,10297484,Black Separatist,38,0.36902218056371827
Great Millstone,Valdosta,Georgia,10297484,Black Separatist,38,0.36902218056371827
International Keystone Knights of the Ku Klux Klan,NA,Georgia,10297484,Ku Klux Klan,38,0.36902218056371827
Identity Dixie,NA,Georgia,10297484,Neo-Confederate,38,0.36902218056371827
National Socialist Liberation Front,NA,Georgia,10297484,Neo-Nazi,38,0.36902218056371827
Asatru Folk Assembly,NA,Georgia,10297484,Neo-Volkisch,38,0.36902218056371827
American Identity Movement,NA,Georgia,10297484,White Nationalist,38,0.36902218056371827
Patriot Front,NA,Georgia,10297484,White Nationalist,38,0.36902218056371827
Great Millstone,Honolulu,Hawaii,1422029,Black Separatist,4,0.2812882156411719
Israel United In Christ,Honolulu,Hawaii,1422029,Black Separatist,4,0.2812882156411719
Sure Foundation Baptist Church,Kailua,Hawaii,1422029,Anti-LGBTQ,4,0.2812882156411719
Proud Boys,NA,Hawaii,1422029,General Hate,4,0.2812882156411719
Lordship Church,Bonners Ferry,Idaho,1687809,General Hate,7,0.41473887151922995
Independent History & Research,Coeur d'Alene,Idaho,1687809,Holocaust Denial,7,0.41473887151922995
G416 Patriots,Meridian,Idaho,1687809,Anti-Muslim,7,0.41473887151922995
The Brother Nathanael Foundation,Priest River,Idaho,1687809,General Hate,7,0.41473887151922995
Soldiers of Odin,NA,Idaho,1687809,Anti-Muslim,7,0.41473887151922995
Endangered Souls RC/Crew 519,NA,Idaho,1687809,Neo-Nazi,7,0.41473887151922995
Asatru Folk Assembly,NA,Idaho,1687809,Neo-Volkisch,7,0.41473887151922995
Hostile Class Productions,Burbank,Illinois,12821497,Hate Music,26,0.20278443305021246
Illinois Family Institute,Carol Stream,Illinois,12821497,Anti-LGBTQ,26,0.20278443305021246
Great Millstone,Chicago,Illinois,12821497,Black Separatist,26,0.20278443305021246
Israel United In Christ,Chicago,Illinois,12821497,Black Separatist,26,0.20278443305021246
Israelite School of Universal Practical Knowledge,Chicago,Illinois,12821497,Black Separatist,26,0.20278443305021246
Lion of Judah - Jeshurun Lions,Chicago,Illinois,12821497,Black Separatist,26,0.20278443305021246
Nation of Islam,Chicago,Illinois,12821497,Black Separatist,26,0.20278443305021246
Sicarii 1715,Chicago,Illinois,12821497,Black Separatist,26,0.20278443305021246
United Kingdom of Israel Congregation,Chicago,Illinois,12821497,Black Separatist,26,0.20278443305021246
Euro Folk Radio,Chicago,Illinois,12821497,Christian Identity,26,0.20278443305021246
Proud Boys,Chicago,Illinois,12821497,General Hate,26,0.20278443305021246
The United Nuwaupians Worldwide/All Eyes on Egipt,Chicago,Illinois,12821497,General Hate,26,0.20278443305021246
American Identity Movement,Chicago,Illinois,12821497,White Nationalist,26,0.20278443305021246
ACT for America,Des Plaines,Illinois,12821497,Anti-Muslim,26,0.20278443305021246
Heterosexuals Organized for a Moral Environment (H.O.M.E.),Downers Grove,Illinois,12821497,Anti-LGBTQ,26,0.20278443305021246
Ku Klos Knights of the Ku Klux Klan,Lawrenceville,Illinois,12821497,Ku Klux Klan,26,0.20278443305021246
Divine International Church of the Web,Morton,Illinois,12821497,Christian Identity,26,0.20278443305021246
Americans for Truth About Homosexuality,Naperville,Illinois,12821497,Anti-LGBTQ,26,0.20278443305021246
Liberty Baptist Church,Rock Falls,Illinois,12821497,Anti-LGBTQ,26,0.20278443305021246
World Congress of Families/International Organization for the Family,Rockford,Illinois,12821497,Anti-LGBTQ,26,0.20278443305021246
Nation of Islam,Rockford,Illinois,12821497,Black Separatist,26,0.20278443305021246
Soldiers of Odin,NA,Illinois,12821497,Anti-Muslim,26,0.20278443305021246
American Christian Dixie Knights of the Ku Klux Klan,NA,Illinois,12821497,Ku Klux Klan,26,0.20278443305021246
National Socialist Movement,NA,Illinois,12821497,Neo-Nazi,26,0.20278443305021246
American Defense Skinheads,NA,Illinois,12821497,Racist Skinhead,26,0.20278443305021246
Patriot Front,NA,Illinois,12821497,White Nationalist,26,0.20278443305021246
Exodus/Americanus,Floyds Knobs,Indiana,6637426,White Nationalist,20,0.30132162678725155
Great Millstone,Indianapolis,Indiana,6637426,Black Separatist,20,0.30132162678725155
Israelite School of Universal Practical Knowledge,Indianapolis,Indiana,6637426,Black Separatist,20,0.30132162678725155
Nation of Islam,Indianapolis,Indiana,6637426,Black Separatist,20,0.30132162678725155
ACT for America,Lafayette,Indiana,6637426,Anti-Muslim,20,0.30132162678725155
Honorable Sacred Knights of the Ku Klux Klan,Madison,Indiana,6637426,Ku Klux Klan,20,0.30132162678725155
The Foundry,Paoli,Indiana,6637426,White Nationalist,20,0.30132162678725155
Church of the National Knights of the Ku Klux Klan,South Bend,Indiana,6637426,Ku Klux Klan,20,0.30132162678725155
Culture Wars/Fidelity Press,South Bend,Indiana,6637426,Radical Traditional Catholicism,20,0.30132162678725155
The Campus Ministry USA,Terre Haute,Indiana,6637426,Anti-LGBTQ,20,0.30132162678725155
ACT for America,Terre Haute,Indiana,6637426,Anti-Muslim,20,0.30132162678725155
Proud Boys,NA,Indiana,6637426,General Hate,20,0.30132162678725155
American Christian Dixie Knights of the Ku Klux Klan,NA,Indiana,6637426,Ku Klux Klan,20,0.30132162678725155
Nordic Order Knights of the Ku Klux Klan,NA,Indiana,6637426,Ku Klux Klan,20,0.30132162678725155
Asatru Folk Assembly,NA,Indiana,6637426,Neo-Volkisch,20,0.30132162678725155
Blood and Honour Social Club,NA,Indiana,6637426,Racist Skinhead,20,0.30132162678725155
Firm 22,NA,Indiana,6637426,Racist Skinhead,20,0.30132162678725155
Vinlanders Social Club,NA,Indiana,6637426,Racist Skinhead,20,0.30132162678725155
American Identity Movement,NA,Indiana,6637426,White Nationalist,20,0.30132162678725155
Patriot Front,NA,Indiana,6637426,White Nationalist,20,0.30132162678725155
Great Millstone,Des Moines,Iowa,3132499,Black Separatist,3,0.09577018220915634
National Alliance,NA,Iowa,3132499,Neo-Nazi,3,0.09577018220915634
Patriot Front,NA,Iowa,3132499,White Nationalist,3,0.09577018220915634
Israel United In Christ,Kansas City,Kansas,2908776,Black Separatist,3,0.10313616448980603
Westboro Baptist Church,Topeka,Kansas,2908776,Anti-LGBTQ,3,0.10313616448980603
Feuerkrieg Division,NA,Kansas,2908776,Neo-Nazi,3,0.10313616448980603
Imperial Klans of America of the Ku Klux Klan,Dawson Springs,Kentucky,4440204,Ku Klux Klan,15,0.3378223162719551
Nation of Islam,Lexington,Kentucky,4440204,Black Separatist,15,0.3378223162719551
Israel United In Christ,Louisville,Kentucky,4440204,Black Separatist,15,0.3378223162719551
Israelite School of Universal Practical Knowledge,Louisville,Kentucky,4440204,Black Separatist,15,0.3378223162719551
Nation of Islam,Louisville,Kentucky,4440204,Black Separatist,15,0.3378223162719551
Revolutionary Black Panther Party,Louisville,Kentucky,4440204,Black Separatist,15,0.3378223162719551
League of the South,McKee,Kentucky,4440204,Neo-Confederate,15,0.3378223162719551
Fellowship of God's Covenant People,Union,Kentucky,4440204,Christian Identity,15,0.3378223162719551
American Christian Dixie Knights of the Ku Klux Klan,NA,Kentucky,4440204,Ku Klux Klan,15,0.3378223162719551
Church of the National Knights of the Ku Klux Klan,NA,Kentucky,4440204,Ku Klux Klan,15,0.3378223162719551
Nordic Order Knights of the Ku Klux Klan,NA,Kentucky,4440204,Ku Klux Klan,15,0.3378223162719551
National Socialist Movement,NA,Kentucky,4440204,Neo-Nazi,15,0.3378223162719551
Asatru Folk Assembly,NA,Kentucky,4440204,Neo-Volkisch,15,0.3378223162719551
American Identity Movement,NA,Kentucky,4440204,White Nationalist,15,0.3378223162719551
Patriot Front,NA,Kentucky,4440204,White Nationalist,15,0.3378223162719551
Faith Baptist Church,Baton Rouge,Louisiana,4663616,Anti-LGBTQ,21,0.45029436385843086
ACT for America,Baton Rouge,Louisiana,4663616,Anti-Muslim,21,0.45029436385843086
New Black Panther Party,Baton Rouge,Louisiana,4663616,Black Separatist,21,0.45029436385843086
American Identity Movement,Baton Rouge,Louisiana,4663616,White Nationalist,21,0.45029436385843086
Israel United In Christ,Lafayette,Louisiana,4663616,Black Separatist,21,0.45029436385843086
Ruth Institute,Lake Charles,Louisiana,4663616,Anti-LGBTQ,21,0.45029436385843086
ACT for America,Metairie,Louisiana,4663616,Anti-Muslim,21,0.45029436385843086
Nation of Islam,Monroe,Louisiana,4663616,Black Separatist,21,0.45029436385843086
Israel United In Christ,New Orleans,Louisiana,4663616,Black Separatist,21,0.45029436385843086
Nation of Islam,New Orleans,Louisiana,4663616,Black Separatist,21,0.45029436385843086
New Black Panther Party,New Orleans,Louisiana,4663616,Black Separatist,21,0.45029436385843086
Proud Boys,New Orleans,Louisiana,4663616,General Hate,21,0.45029436385843086
American Identity Movement,New Orleans,Louisiana,4663616,White Nationalist,21,0.45029436385843086
Nation of Islam,Shreveport,Louisiana,4663616,Black Separatist,21,0.45029436385843086
New Black Panther Party,Shreveport,Louisiana,4663616,Black Separatist,21,0.45029436385843086
Faith Baptist Church,Violet,Louisiana,4663616,Anti-LGBTQ,21,0.45029436385843086
Great Millstone,NA,Louisiana,4663616,Black Separatist,21,0.45029436385843086
Israelite School of Universal Practical Knowledge,NA,Louisiana,4663616,Black Separatist,21,0.45029436385843086
Patriotic Brigade Knights of the Ku Klux Klan,NA,Louisiana,4663616,Ku Klux Klan,21,0.45029436385843086
Identity Dixie,NA,Louisiana,4663616,Neo-Confederate,21,0.45029436385843086
Patriot Front,NA,Louisiana,4663616,White Nationalist,21,0.45029436385843086
The Colchester Collection,Machias,Maine,1332813,White Nationalist,2,0.15005856035317783
Patriot Front,NA,Maine,1332813,White Nationalist,2,0.15005856035317783
Great Millstone,Baltimore,Maryland,6003435,Black Separatist,20,0.33314260918957234
Israelite School of Universal Practical Knowledge,Baltimore,Maryland,6003435,Black Separatist,20,0.33314260918957234
Israelite the Branches,Baltimore,Maryland,6003435,Black Separatist,20,0.33314260918957234
The Israelite Church of God in Jesus Christ,Baltimore,Maryland,6003435,Black Separatist,20,0.33314260918957234
United Kingdom of Israel Congregation,Baltimore,Maryland,6003435,Black Separatist,20,0.33314260918957234
Watchmen for Israel,Baltimore,Maryland,6003435,Black Separatist,20,0.33314260918957234
Jamaat al-Muslimeen,Baltimore,Maryland,6003435,General Hate,20,0.33314260918957234
Label 56,Baltimore,Maryland,6003435,Hate Music,20,0.33314260918957234
Refugee Resettlement Watch,Fairplay,Maryland,6003435,Anti-Muslim,20,0.33314260918957234
In the Spirit of Chartres Committee,Glenelg,Maryland,6003435,Radical Traditional Catholicism,20,0.33314260918957234
Mass Resistance,Lexington Park,Maryland,6003435,Anti-LGBTQ,20,0.33314260918957234
Help Save Maryland,Monkton,Maryland,6003435,Anti-Immigrant,20,0.33314260918957234
Israel United In Christ,Upper Marlboro,Maryland,6003435,Black Separatist,20,0.33314260918957234
American Free Press,Upper Marlboro,Maryland,6003435,General Hate,20,0.33314260918957234
"Barnes Review/Foundation for Economic Liberty, Inc.",Upper Marlboro,Maryland,6003435,Holocaust Denial,20,0.33314260918957234
Loyal White Knights of the Ku Klux Klan,NA,Maryland,6003435,Ku Klux Klan,20,0.33314260918957234
Atomwaffen Division,NA,Maryland,6003435,Neo-Nazi,20,0.33314260918957234
Be Active Front USA,NA,Maryland,6003435,Racist Skinhead,20,0.33314260918957234
American Identity Movement,NA,Maryland,6003435,White Nationalist,20,0.33314260918957234
Patriot Front,NA,Maryland,6003435,White Nationalist,20,0.33314260918957234
Israelite School of Universal Practical Knowledge,Boston,Massachusetts,6830193,Black Separatist,15,0.2196131207419761
Israel United In Christ,Brockton,Massachusetts,6830193,Black Separatist,15,0.2196131207419761
Nation of Islam,Dorchester,Massachusetts,6830193,Black Separatist,15,0.2196131207419761
Concerned Citizens and Friends of Illegal Immigration Law Enforcement,Framingham,Massachusetts,6830193,General Hate,15,0.2196131207419761
ACT for America,Hopkinton,Massachusetts,6830193,Anti-Muslim,15,0.2196131207419761
Scott Lively Ministries,Springfield,Massachusetts,6830193,Anti-LGBTQ,15,0.2196131207419761
Nation of Islam,Springfield,Massachusetts,6830193,Black Separatist,15,0.2196131207419761
Slaves of the Immaculate Heart of Mary,Still River,Massachusetts,6830193,Radical Traditional Catholicism,15,0.2196131207419761
Mass Resistance,Waltham,Massachusetts,6830193,Anti-LGBTQ,15,0.2196131207419761
Proud Boys,NA,Massachusetts,6830193,General Hate,15,0.2196131207419761
National Socialist Legion,NA,Massachusetts,6830193,Neo-Nazi,15,0.2196131207419761
The Daily Stormer,NA,Massachusetts,6830193,Neo-Nazi,15,0.2196131207419761
Asatru Folk Assembly,NA,Massachusetts,6830193,Neo-Volkisch,15,0.2196131207419761
Patriot Front,NA,Massachusetts,6830193,White Nationalist,15,0.2196131207419761
The Base,NA,Massachusetts,6830193,White Nationalist,15,0.2196131207419761
Pacific Coast Knights of the Ku Klux Klan,Alpena,Michigan,9957488,Ku Klux Klan,27,0.2711527244622338
American Freedom Law Center,Ann Arbor,Michigan,9957488,Anti-Muslim,27,0.2711527244622338
Thomas More Law Center,Ann Arbor,Michigan,9957488,Anti-Muslim,27,0.2711527244622338
White Rabbit Radio,Dearborn Heights,Michigan,9957488,White Nationalist,27,0.2711527244622338
Mass Resistance,Detroit,Michigan,9957488,Anti-LGBTQ,27,0.2711527244622338
Great Millstone,Detroit,Michigan,9957488,Black Separatist,27,0.2711527244622338
Israel United In Christ,Detroit,Michigan,9957488,Black Separatist,27,0.2711527244622338
Israelite School of Universal Practical Knowledge,Detroit,Michigan,9957488,Black Separatist,27,0.2711527244622338
Israelites Saints of Christ,Detroit,Michigan,9957488,Black Separatist,27,0.2711527244622338
Nation of Islam,Detroit,Michigan,9957488,Black Separatist,27,0.2711527244622338
The United Nuwaupians Worldwide/All Eyes on Egipt,Detroit,Michigan,9957488,General Hate,27,0.2711527244622338
NSM88 Records,Detroit,Michigan,9957488,Hate Music,27,0.2711527244622338
National Socialist Movement,Detroit,Michigan,9957488,Neo-Nazi,27,0.2711527244622338
Church Militant/St. Michael's Media,Ferndale,Michigan,9957488,Anti-LGBTQ,27,0.2711527244622338
Israel United In Christ,Grand Rapids,Michigan,9957488,Black Separatist,27,0.2711527244622338
Nation of Islam,Grand Rapids,Michigan,9957488,Black Separatist,27,0.2711527244622338
Gallows Tree Wotansvolk Alliance,Grand Rapids,Michigan,9957488,Neo-Volkisch,27,0.2711527244622338
Sharia Crime Stoppers,Mount Clemens,Michigan,9957488,Anti-Muslim,27,0.2711527244622338
Social Contract Press,Petoskey,Michigan,9957488,White Nationalist,27,0.2711527244622338
Southeast Michigan Tea Party,Utica,Michigan,9957488,Anti-Muslim,27,0.2711527244622338
NS Publications,Wyandotte,Michigan,9957488,Neo-Nazi,27,0.2711527244622338
Proud Boys,NA,Michigan,9957488,General Hate,27,0.2711527244622338
The Daily Stormer,NA,Michigan,9957488,Neo-Nazi,27,0.2711527244622338
Blood and Honour Social Club,NA,Michigan,9957488,Racist Skinhead,27,0.2711527244622338
American Identity Movement,NA,Michigan,9957488,White Nationalist,27,0.2711527244622338
Patriot Front,NA,Michigan,9957488,White Nationalist,27,0.2711527244622338
The Base,NA,Michigan,9957488,White Nationalist,27,0.2711527244622338
Sons of Liberty Media (formerly You Can Run But You Cannot Hide),Annandale,Minnesota,5527358,General Hate,12,0.21710191378955368
Asatru Folk Assembly,Bloomington,Minnesota,5527358,Neo-Volkisch,12,0.21710191378955368
The Remnant/The Remnant Press,Forest Lake,Minnesota,5527358,Radical Traditional Catholicism,12,0.21710191378955368
Israelite School of Universal Practical Knowledge,Minneapolis,Minnesota,5527358,Black Separatist,12,0.21710191378955368
Asatru Folk Assembly,Newport,Minnesota,5527358,Neo-Volkisch,12,0.21710191378955368
Concerned Community Citizens,St. Cloud,Minnesota,5527358,Anti-Muslim,12,0.21710191378955368
Proud Boys,NA,Minnesota,5527358,General Hate,12,0.21710191378955368
United Skinhead Nation,NA,Minnesota,5527358,Racist Skinhead,12,0.21710191378955368
Vinlanders Social Club,NA,Minnesota,5527358,Racist Skinhead,12,0.21710191378955368
American Identity Movement,NA,Minnesota,5527358,White Nationalist,12,0.21710191378955368
Patriot Front,NA,Minnesota,5527358,White Nationalist,12,0.21710191378955368
The Right Stuff,NA,Minnesota,5527358,White Nationalist,12,0.21710191378955368
League of the South,Holly Springs,Mississippi,2988762,Neo-Confederate,12,0.40150403411178276
Israel United In Christ,Jackson,Mississippi,2988762,Black Separatist,12,0.40150403411178276
American Christian Knights of the Ku Klux Klan,Moselle,Mississippi,2988762,Ku Klux Klan,12,0.40150403411178276
American Family Association,Tupelo,Mississippi,2988762,Anti-LGBTQ,12,0.40150403411178276
New Black Panther Party for Self Defense,Tupelo,Mississippi,2988762,Black Separatist,12,0.40150403411178276
Great Millstone,NA,Mississippi,2988762,Black Separatist,12,0.40150403411178276
Israelite School of Universal Practical Knowledge,NA,Mississippi,2988762,Black Separatist,12,0.40150403411178276
Alliance of American Klans,NA,Mississippi,2988762,Ku Klux Klan,12,0.40150403411178276
American Christian Dixie Knights of the Ku Klux Klan,NA,Mississippi,2988762,Ku Klux Klan,12,0.40150403411178276
International Keystone Knights of the Ku Klux Klan,NA,Mississippi,2988762,Ku Klux Klan,12,0.40150403411178276
United Dixie White Knights of the Ku Klux Klan,NA,Mississippi,2988762,Ku Klux Klan,12,0.40150403411178276
Wotan's Nation,NA,Mississippi,2988762,Neo-Volkisch,12,0.40150403411178276
Council of Conservative Citizens,Blackwell,Missouri,6090062,White Nationalist,21,0.34482407568264495
ACT for America,Kansas City,Missouri,6090062,Anti-Muslim,21,0.34482407568264495
Great Millstone,Kansas City,Missouri,6090062,Black Separatist,21,0.34482407568264495
Israelite School of Universal Practical Knowledge,Kansas City,Missouri,6090062,Black Separatist,21,0.34482407568264495
Nation of Islam,Kansas City,Missouri,6090062,Black Separatist,21,0.34482407568264495
Proud Boys,Kansas City,Missouri,6090062,General Hate,21,0.34482407568264495
Vanguard News Network,Kirksville,Missouri,6090062,Neo-Nazi,21,0.34482407568264495
The Straight Way and More,Marble Hill,Missouri,6090062,Anti-Muslim,21,0.34482407568264495
Church of Israel,Schell City,Missouri,6090062,Christian Identity,21,0.34482407568264495
Great Millstone,St. Louis,Missouri,6090062,Black Separatist,21,0.34482407568264495
Israel United In Christ,St. Louis,Missouri,6090062,Black Separatist,21,0.34482407568264495
Israelite School of Universal Practical Knowledge,St. Louis,Missouri,6090062,Black Separatist,21,0.34482407568264495
Nation of Islam,St. Louis,Missouri,6090062,Black Separatist,21,0.34482407568264495
New Black Panther Party for Self Defense,St. Louis,Missouri,6090062,Black Separatist,21,0.34482407568264495
Army of Israel,NA,Missouri,6090062,Black Separatist,21,0.34482407568264495
National Socialist Movement,NA,Missouri,6090062,Neo-Nazi,21,0.34482407568264495
Asatru Folk Assembly,NA,Missouri,6090062,Neo-Volkisch,21,0.34482407568264495
Blood and Honour Social Club,NA,Missouri,6090062,Racist Skinhead,21,0.34482407568264495
Firm 22,NA,Missouri,6090062,Racist Skinhead,21,0.34482407568264495
American Identity Movement,NA,Missouri,6090062,White Nationalist,21,0.34482407568264495
Patriot Front,NA,Missouri,6090062,White Nationalist,21,0.34482407568264495
American Identity Movement,Bozeman,Montana,1041732,White Nationalist,6,0.5759638755457258
Last Chance Patriots,Dayton,Montana,1041732,Anti-Muslim,6,0.5759638755457258
Pioneer Little Europe Kalispell Montana,Kalispell,Montana,1041732,White Nationalist,6,0.5759638755457258
ACT for America,Whitehall,Montana,1041732,Anti-Muslim,6,0.5759638755457258
American Front,NA,Montana,1041732,Racist Skinhead,6,0.5759638755457258
American Identity Movement,NA,Montana,1041732,White Nationalist,6,0.5759638755457258
Third Reich Books,Fairbury,Nebraska,1904760,Neo-Nazi,6,0.315000315000315
National Socialist German Workers Party,Lincoln,Nebraska,1904760,Neo-Nazi,6,0.315000315000315
Global Faith Institute,Omaha,Nebraska,1904760,Anti-Muslim,6,0.315000315000315
Great Millstone,Omaha,Nebraska,1904760,Black Separatist,6,0.315000315000315
AC Skins,NA,Nebraska,1904760,Racist Skinhead,6,0.315000315000315
Patriot Front,NA,Nebraska,1904760,White Nationalist,6,0.315000315000315
Mass Resistance,Las Vegas,Nevada,2922849,Anti-LGBTQ,9,0.30791874640119965
Black Riders Liberation Party,Las Vegas,Nevada,2922849,Black Separatist,9,0.30791874640119965
Great Millstone,Las Vegas,Nevada,2922849,Black Separatist,9,0.30791874640119965
Israel United In Christ,Las Vegas,Nevada,2922849,Black Separatist,9,0.30791874640119965
A2Z Publications,Las Vegas,Nevada,2922849,General Hate,9,0.30791874640119965
The Right Stuff,Las Vegas,Nevada,2922849,White Nationalist,9,0.30791874640119965
Soldiers of Odin,NA,Nevada,2922849,Anti-Muslim,9,0.30791874640119965
Proud Boys,NA,Nevada,2922849,General Hate,9,0.30791874640119965
Patriot Front,NA,Nevada,2922849,White Nationalist,9,0.30791874640119965
ACT for America,Nashua,New Hampshire,1343622,Anti-Muslim,4,0.29770277652494526
American Nazi Party,NA,New Hampshire,1343622,Neo-Nazi,4,0.29770277652494526
The Daily Stormer,NA,New Hampshire,1343622,Neo-Nazi,4,0.29770277652494526
Patriot Front,NA,New Hampshire,1343622,White Nationalist,4,0.29770277652494526
AC Skins,Atlantic City,New Jersey,8881845,Racist Skinhead,21,0.23643736183191666
Nation of Islam,Camden,New Jersey,8881845,Black Separatist,21,0.23643736183191666
Elegy Records,Clifton,New Jersey,8881845,Hate Music,21,0.23643736183191666
Micetrap Distribution,Maple Shade Township,New Jersey,8881845,Hate Music,21,0.23643736183191666
Israel United In Christ,Newark,New Jersey,8881845,Black Separatist,21,0.23643736183191666
Nation of Islam,Newark,New Jersey,8881845,Black Separatist,21,0.23643736183191666
Nation of Islam,Plainfield,New Jersey,8881845,Black Separatist,21,0.23643736183191666
Nation of Islam,Trenton,New Jersey,8881845,Black Separatist,21,0.23643736183191666
Forza Nuova,Trenton,New Jersey,8881845,White Nationalist,21,0.23643736183191666
Nation of Islam,Willingboro,New Jersey,8881845,Black Separatist,21,0.23643736183191666
Israelites Saints of Christ,NA,New Jersey,8881845,Black Separatist,21,0.23643736183191666
Vanguard Productions,NA,New Jersey,8881845,Hate Music,21,0.23643736183191666
Noble Klans of America,NA,New Jersey,8881845,Ku Klux Klan,21,0.23643736183191666
Atomwaffen Division,NA,New Jersey,8881845,Neo-Nazi,21,0.23643736183191666
Feuerkrieg Division,NA,New Jersey,8881845,Neo-Nazi,21,0.23643736183191666
The Daily Stormer,NA,New Jersey,8881845,Neo-Nazi,21,0.23643736183191666
Firm 22,NA,New Jersey,8881845,Racist Skinhead,21,0.23643736183191666
American Identity Movement,NA,New Jersey,8881845,White Nationalist,21,0.23643736183191666
New Jersey European Heritage Association,NA,New Jersey,8881845,White Nationalist,21,0.23643736183191666
Patriot Front,NA,New Jersey,8881845,White Nationalist,21,0.23643736183191666
The Base,NA,New Jersey,8881845,White Nationalist,21,0.23643736183191666
Proud Boys,Albuquerque,New Mexico,2092434,General Hate,1,0.047791232602796545
Foundation for Advocating Christian Truth,Bronx,New York,19618453,Anti-Muslim,44,0.2242786421538946
Ambassadors of Christ,Brooklyn,New York,19618453,Black Separatist,44,0.2242786421538946
House of David,Brooklyn,New York,19618453,Black Separatist,44,0.2242786421538946
Nation of Islam,Brooklyn,New York,19618453,Black Separatist,44,0.2242786421538946
Jewish Defense League,Brooklyn,New York,19618453,General Hate,44,0.2242786421538946
The United Nuwaupians Worldwide/All Eyes on Egipt,Brooklyn,New York,19618453,General Hate,44,0.2242786421538946
The Fatima Crusader/International Fatima Rosary Crusade,Buffalo,New York,19618453,Radical Traditional Catholicism,44,0.2242786421538946
Rise Align Ignite Reclaim,Fishkill,New York,19618453,Anti-Muslim,44,0.2242786421538946
Jewish Task Force,Fresh Meadows,New York,19618453,General Hate,44,0.2242786421538946
ACT for America,Hauppauge,New York,19618453,Anti-Muslim,44,0.2242786421538946
The Right Stuff,Hopewell Junction,New York,19618453,White Nationalist,44,0.2242786421538946
Racial Nationalist Party of America,Lockport,New York,19618453,White Nationalist,44,0.2242786421538946
Israel United In Christ,Mount Vernon,New York,19618453,Black Separatist,44,0.2242786421538946
Lions of Israel,Mount Vernon,New York,19618453,Black Separatist,44,0.2242786421538946
ATLAH Media Network,New York,New York,19618453,Anti-LGBTQ,44,0.2242786421538946
Center for Family and Human Rights (C-FAM),New York,New York,19618453,Anti-LGBTQ,44,0.2242786421538946
American Freedom Defense Initiative,New York,New York,19618453,Anti-Muslim,44,0.2242786421538946
Black Riders Liberation Party,New York,New York,19618453,Black Separatist,44,0.2242786421538946
Great Millstone,New York,New York,19618453,Black Separatist,44,0.2242786421538946
House of Israel,New York,New York,19618453,Black Separatist,44,0.2242786421538946
Israelite School of Universal Practical Knowledge,New York,New York,19618453,Black Separatist,44,0.2242786421538946
Nation of Islam,New York,New York,19618453,Black Separatist,44,0.2242786421538946
Revolutionary Black Panther Party,New York,New York,19618453,Black Separatist,44,0.2242786421538946
Proud Boys,New York,New York,19618453,General Hate,44,0.2242786421538946
Tony Alamo Christian Ministries,New York,New York,19618453,General Hate,44,0.2242786421538946
United Riot Records,New York,New York,19618453,Hate Music,44,0.2242786421538946
American Freedom Party,New York,New York,19618453,White Nationalist,44,0.2242786421538946
Arktos Media,New York,New York,19618453,White Nationalist,44,0.2242786421538946
The Base,New York,New York,19618453,White Nationalist,44,0.2242786421538946
"Catholic Family News/Catholic Family Ministries, Inc.",Niagara Falls,New York,19618453,Radical Traditional Catholicism,44,0.2242786421538946
Israel United In Christ,Rochester,New York,19618453,Black Separatist,44,0.2242786421538946
Nation of Islam,Rochester,New York,19618453,Black Separatist,44,0.2242786421538946
CarolynEmerick.com/Folkright.com,Rochester,New York,19618453,Neo-Volkisch,44,0.2242786421538946
Israelite School of Universal Practical Knowledge,Syracuse,New York,19618453,Black Separatist,44,0.2242786421538946
Radio Jihad/Global Patriot Radio,NA,New York,19618453,Anti-Muslim,44,0.2242786421538946
American Christian Dixie Knights of the Ku Klux Klan,NA,New York,19618453,Ku Klux Klan,44,0.2242786421538946
Loyal White Knights of the Ku Klux Klan,NA,New York,19618453,Ku Klux Klan,44,0.2242786421538946
Feuerkrieg Division,NA,New York,19618453,Neo-Nazi,44,0.2242786421538946
National Socialist Liberation Front,NA,New York,19618453,Neo-Nazi,44,0.2242786421538946
Blood and Honour Social Club,NA,New York,19618453,Racist Skinhead,44,0.2242786421538946
Vinlanders Social Club,NA,New York,19618453,Racist Skinhead,44,0.2242786421538946
American Freedom Party,NA,New York,19618453,White Nationalist,44,0.2242786421538946
American Identity Movement,NA,New York,19618453,White Nationalist,44,0.2242786421538946
Patriot Front,NA,New York,19618453,White Nationalist,44,0.2242786421538946
Heirs to the Confederacy,Asheboro,North Carolina,10155624,Neo-Confederate,32,0.31509634464607983
Great Millstone,Charlotte,North Carolina,10155624,Black Separatist,32,0.31509634464607983
Israelite School of Universal Practical Knowledge,Charlotte,North Carolina,10155624,Black Separatist,32,0.31509634464607983
Nation of Islam,Charlotte,North Carolina,10155624,Black Separatist,32,0.31509634464607983
New Black Panther Party for Self Defense,Charlotte,North Carolina,10155624,Black Separatist,32,0.31509634464607983
The United Nuwaupians Worldwide/All Eyes on Egipt,Charlotte,North Carolina,10155624,General Hate,32,0.31509634464607983
Israel United In Christ,Concord,North Carolina,10155624,Black Separatist,32,0.31509634464607983
Israelite School of Universal Practical Knowledge,Durham,North Carolina,10155624,Black Separatist,32,0.31509634464607983
Nation of Islam,Durham,North Carolina,10155624,Black Separatist,32,0.31509634464607983
Israelite School of Universal Practical Knowledge,Fayetteville,North Carolina,10155624,Black Separatist,32,0.31509634464607983
Israelite School of Universal Practical Knowledge,Greensboro,North Carolina,10155624,Black Separatist,32,0.31509634464607983
Nation of Islam,Greensboro,North Carolina,10155624,Black Separatist,32,0.31509634464607983
Israelite School of Universal Practical Knowledge,Greenville,North Carolina,10155624,Black Separatist,32,0.31509634464607983
Loyal White Knights of the Ku Klux Klan,Pelham,North Carolina,10155624,Ku Klux Klan,32,0.31509634464607983
Americans for Legal Immigration (ALIPAC),Raleigh,North Carolina,10155624,Anti-Immigrant,32,0.31509634464607983
Masharah Yasharahla - Government of Israel,Raleigh,North Carolina,10155624,Black Separatist,32,0.31509634464607983
Nation of Islam,Wilmington,North Carolina,10155624,Black Separatist,32,0.31509634464607983
Israelite School of Universal Practical Knowledge,Winston-Salem,North Carolina,10155624,Black Separatist,32,0.31509634464607983
Nation of Islam,Winston-Salem,North Carolina,10155624,Black Separatist,32,0.31509634464607983
Israelites Saints of Christ,NA,North Carolina,10155624,Black Separatist,32,0.31509634464607983
Proud Boys,NA,North Carolina,10155624,General Hate,32,0.31509634464607983
American Christian Dixie Knights of the Ku Klux Klan,NA,North Carolina,10155624,Ku Klux Klan,32,0.31509634464607983
Identity Dixie,NA,North Carolina,10155624,Neo-Confederate,32,0.31509634464607983
Southern Revivalism,NA,North Carolina,10155624,Neo-Confederate,32,0.31509634464607983
Asatru Folk Assembly,NA,North Carolina,10155624,Neo-Volkisch,32,0.31509634464607983
Blood and Honour Social Club,NA,North Carolina,10155624,Racist Skinhead,32,0.31509634464607983
Blood and Honour USA,NA,North Carolina,10155624,Racist Skinhead,32,0.31509634464607983
Confederate Hammerskins,NA,North Carolina,10155624,Racist Skinhead,32,0.31509634464607983
Crew 38,NA,North Carolina,10155624,Racist Skinhead,32,0.31509634464607983
American Identity Movement,NA,North Carolina,10155624,White Nationalist,32,0.31509634464607983
Patriot Front,NA,North Carolina,10155624,White Nationalist,32,0.31509634464607983
The Right Stuff,NA,North Carolina,10155624,White Nationalist,32,0.31509634464607983
Asatru Folk Assembly,NA,North Dakota,752201,Neo-Volkisch,2,0.26588637877375865
American Freedom Party,NA,North Dakota,752201,White Nationalist,2,0.26588637877375865
Nation of Islam,Akron,Ohio,11641879,Black Separatist,31,0.26628003950221435
Proud Boys,Akron,Ohio,11641879,General Hate,31,0.26628003950221435
"Vandal Brothers, LLC",Bath,Ohio,11641879,White Nationalist,31,0.26628003950221435
ACT for America,Cincinnati,Ohio,11641879,Anti-Muslim,31,0.26628003950221435
Israelite School of Universal Practical Knowledge,Cincinnati,Ohio,11641879,Black Separatist,31,0.26628003950221435
ACT for America,Cleveland,Ohio,11641879,Anti-Muslim,31,0.26628003950221435
Army of Israel,Cleveland,Ohio,11641879,Black Separatist,31,0.26628003950221435
Great Millstone,Cleveland,Ohio,11641879,Black Separatist,31,0.26628003950221435
Nation of Islam,Cleveland,Ohio,11641879,Black Separatist,31,0.26628003950221435
The United Nuwaupians Worldwide/All Eyes on Egipt,Cleveland,Ohio,11641879,General Hate,31,0.26628003950221435
Mission: America,Columbus,Ohio,11641879,Anti-LGBTQ,31,0.26628003950221435
ACT for America,Columbus,Ohio,11641879,Anti-Muslim,31,0.26628003950221435
Proud Boys,Columbus,Ohio,11641879,General Hate,31,0.26628003950221435
Nation of Islam,Dayton,Ohio,11641879,Black Separatist,31,0.26628003950221435
New Black Panther Party,Dayton,Ohio,11641879,Black Separatist,31,0.26628003950221435
Alliance of American Klans,Dayton,Ohio,11641879,Ku Klux Klan,31,0.26628003950221435
Israel United In Christ,Heath,Ohio,11641879,Black Separatist,31,0.26628003950221435
Pass the Salt Ministries,Hebron,Ohio,11641879,Anti-LGBTQ,31,0.26628003950221435
The Foundry,New Carlisle,Ohio,11641879,White Nationalist,31,0.26628003950221435
Faith2Action,North Royalton,Ohio,11641879,Anti-LGBTQ,31,0.26628003950221435
Nation of Islam,Toledo,Ohio,11641879,Black Separatist,31,0.26628003950221435
Christ or Chaos,West Chester,Ohio,11641879,Radical Traditional Catholicism,31,0.26628003950221435
Bible Believers Fellowship,Worthington,Ohio,11641879,Anti-LGBTQ,31,0.26628003950221435
American Christian Dixie Knights of the Ku Klux Klan,NA,Ohio,11641879,Ku Klux Klan,31,0.26628003950221435
Loyal White Knights of the Ku Klux Klan,NA,Ohio,11641879,Ku Klux Klan,31,0.26628003950221435
American Nazi Party,NA,Ohio,11641879,Neo-Nazi,31,0.26628003950221435
The Daily Stormer,NA,Ohio,11641879,Neo-Nazi,31,0.26628003950221435
Asatru Folk Assembly,NA,Ohio,11641879,Neo-Volkisch,31,0.26628003950221435
Blood and Honour Social Club,NA,Ohio,11641879,Racist Skinhead,31,0.26628003950221435
American Identity Movement,NA,Ohio,11641879,White Nationalist,31,0.26628003950221435
Patriot Front,NA,Ohio,11641879,White Nationalist,31,0.26628003950221435
Stedfast Baptist Church,Oklahoma City,Oklahoma,3918137,Anti-LGBTQ,10,0.25522333700940014
Israel United In Christ,Oklahoma City,Oklahoma,3918137,Black Separatist,10,0.25522333700940014
Israelite School of Universal Practical Knowledge,Oklahoma City,Oklahoma,3918137,Black Separatist,10,0.25522333700940014
Nation of Islam,Oklahoma City,Oklahoma,3918137,Black Separatist,10,0.25522333700940014
Israel United In Christ,Tulsa,Oklahoma,3918137,Black Separatist,10,0.25522333700940014
Nation of Islam,Tulsa,Oklahoma,3918137,Black Separatist,10,0.25522333700940014
Proud Boys,NA,Oklahoma,3918137,General Hate,10,0.25522333700940014
Patriotic Brigade Knights of the Ku Klux Klan,NA,Oklahoma,3918137,Ku Klux Klan,10,0.25522333700940014
American Identity Movement,NA,Oklahoma,3918137,White Nationalist,10,0.25522333700940014
Patriot Front,NA,Oklahoma,3918137,White Nationalist,10,0.25522333700940014
Rense Radio Network,Ashland,Oregon,4081943,General Hate,15,0.367472059261974
Proud Boys,Eugene,Oregon,4081943,General Hate,15,0.367472059261974
Black Riders Liberation Party,Portland,Oregon,4081943,Black Separatist,15,0.367472059261974
Proud Boys,Portland,Oregon,4081943,General Hate,15,0.367472059261974
Oregonians for Immigration Reform,Salem,Oregon,4081943,Anti-Immigrant,15,0.367472059261974
Pacific Justice Institute,Salem,Oregon,4081943,Anti-LGBTQ,15,0.367472059261974
Proud Boys,Salem,Oregon,4081943,General Hate,15,0.367472059261974
Hell Shaking Street Preachers,Tillamook,Oregon,4081943,General Hate,15,0.367472059261974
Pacific Coast Knights of the Ku Klux Klan,NA,Oregon,4081943,Ku Klux Klan,15,0.367472059261974
Asatru Folk Assembly,NA,Oregon,4081943,Neo-Volkisch,15,0.367472059261974
American Front,NA,Oregon,4081943,Racist Skinhead,15,0.367472059261974
Crew 38,NA,Oregon,4081943,Racist Skinhead,15,0.367472059261974
Northwest Hammerskins,NA,Oregon,4081943,Racist Skinhead,15,0.367472059261974
American Identity Movement,NA,Oregon,4081943,White Nationalist,15,0.367472059261974
Patriot Front,NA,Oregon,4081943,White Nationalist,15,0.367472059261974
Poker Face,Allentown,Pennsylvania,12791181,Hate Music,36,0.2814439104567436
H.L. Mencken Club,Elizabethtown,Pennsylvania,12791181,White Nationalist,36,0.2814439104567436
American Family Association,Franklin,Pennsylvania,12791181,Anti-LGBTQ,36,0.2814439104567436
Catholic Apologetics International,Greencastle,Pennsylvania,12791181,Radical Traditional Catholicism,36,0.2814439104567436
American Freedom Union,Hampton Township,Pennsylvania,12791181,White Nationalist,36,0.2814439104567436
Reformation-Bible Puritan-Baptist Church/Vatican Assassins,Newmanstown,Pennsylvania,12791181,General Hate,36,0.2814439104567436
The Shoebat Foundation,Newtown,Pennsylvania,12791181,Anti-Muslim,36,0.2814439104567436
Israel United In Christ,Philadelphia,Pennsylvania,12791181,Black Separatist,36,0.2814439104567436
Nation of Islam,Philadelphia,Pennsylvania,12791181,Black Separatist,36,0.2814439104567436
Revolutionary Black Panther Party,Philadelphia,Pennsylvania,12791181,Black Separatist,36,0.2814439104567436
Trumpet in Philly,Philadelphia,Pennsylvania,12791181,Black Separatist,36,0.2814439104567436
Proud Boys,Philadelphia,Pennsylvania,12791181,General Hate,36,0.2814439104567436
The United Nuwaupians Worldwide/All Eyes on Egipt,Philadelphia,Pennsylvania,12791181,General Hate,36,0.2814439104567436
Feuerkrieg Division,Philadelphia,Pennsylvania,12791181,Neo-Nazi,36,0.2814439104567436
Be Active Front USA,Philadelphia,Pennsylvania,12791181,Racist Skinhead,36,0.2814439104567436
ACT for America,Pittsburgh,Pennsylvania,12791181,Anti-Muslim,36,0.2814439104567436
Nation of Islam,Pittsburgh,Pennsylvania,12791181,Black Separatist,36,0.2814439104567436
The Israelite Church of God in Jesus Christ,Pittsburgh,Pennsylvania,12791181,Black Separatist,36,0.2814439104567436
American Defense Records/Birthrite Services,Pittsburgh,Pennsylvania,12791181,Hate Music,36,0.2814439104567436
Israel United In Christ,Turtle Creek,Pennsylvania,12791181,Black Separatist,36,0.2814439104567436
Israelite School of Universal Practical Knowledge,Upper Darby,Pennsylvania,12791181,Black Separatist,36,0.2814439104567436
ACT for America,Wilkes-Barre,Pennsylvania,12791181,Anti-Muslim,36,0.2814439104567436
Nation of Islam,Wilkinsburg,Pennsylvania,12791181,Black Separatist,36,0.2814439104567436
Committee for Open Debate on the Holocaust,York,Pennsylvania,12791181,Holocaust Denial,36,0.2814439104567436
East Coast Knights of the True Invisible Empire,NA,Pennsylvania,12791181,Ku Klux Klan,36,0.2814439104567436
National Socialist Liberation Front,NA,Pennsylvania,12791181,Neo-Nazi,36,0.2814439104567436
National Socialist Movement,NA,Pennsylvania,12791181,Neo-Nazi,36,0.2814439104567436
Asatru Folk Assembly,NA,Pennsylvania,12791181,Neo-Volkisch,36,0.2814439104567436
Wolves of Vinland,NA,Pennsylvania,12791181,Neo-Volkisch,36,0.2814439104567436
Wotan's Nation,NA,Pennsylvania,12791181,Neo-Volkisch,36,0.2814439104567436
American Defense Skinheads,NA,Pennsylvania,12791181,Racist Skinhead,36,0.2814439104567436
Blood and Honour Social Club,NA,Pennsylvania,12791181,Racist Skinhead,36,0.2814439104567436
Keystone State Skinheads,NA,Pennsylvania,12791181,Racist Skinhead,36,0.2814439104567436
American Identity Movement,NA,Pennsylvania,12791181,White Nationalist,36,0.2814439104567436
Patriot Front,NA,Pennsylvania,12791181,White Nationalist,36,0.2814439104567436
The Right Stuff,NA,Pennsylvania,12791181,White Nationalist,36,0.2814439104567436
NA,NA,Puerto Rico,3386941,NA,1,0.029525167400317867
Patriot Front,NA,Rhode Island,1056611,White Nationalist,1,0.09464220985774328
Fight White Genocide,Cayce,South Carolina,4955925,White Nationalist,17,0.34302375439499183
Israelite School of Universal Practical Knowledge,Charleston,South Carolina,4955925,Black Separatist,17,0.34302375439499183
The United Nuwaupians Worldwide/All Eyes on Egipt,Charleston,South Carolina,4955925,General Hate,17,0.34302375439499183
Israel United In Christ,Columbia,South Carolina,4955925,Black Separatist,17,0.34302375439499183
Nation of Islam,Columbia,South Carolina,4955925,Black Separatist,17,0.34302375439499183
Israelite School of Universal Practical Knowledge,Greenville,South Carolina,4955925,Black Separatist,17,0.34302375439499183
Nation of Islam,Greenville,South Carolina,4955925,Black Separatist,17,0.34302375439499183
Nation of Islam,North Charleston,South Carolina,4955925,Black Separatist,17,0.34302375439499183
True Light Pentecost Church,Spartanburg,South Carolina,4955925,Anti-LGBTQ,17,0.34302375439499183
Patriotic Flags,Summerville,South Carolina,4955925,White Nationalist,17,0.34302375439499183
Renaissance Horizon,Summerville,South Carolina,4955925,White Nationalist,17,0.34302375439499183
Dixie Republic,Travelers Rest,South Carolina,4955925,Neo-Confederate,17,0.34302375439499183
Patriotic Brigade Knights of the Ku Klux Klan,NA,South Carolina,4955925,Ku Klux Klan,17,0.34302375439499183
American Nazi Party,NA,South Carolina,4955925,Neo-Nazi,17,0.34302375439499183
Asatru Folk Assembly,NA,South Carolina,4955925,Neo-Volkisch,17,0.34302375439499183
Wolves of Vinland,NA,South Carolina,4955925,Neo-Volkisch,17,0.34302375439499183
Patriot Front,NA,South Carolina,4955925,White Nationalist,17,0.34302375439499183
Fundamentalist Latter Day Saints,Pringle,South Dakota,864289,General Hate,4,0.46280815791939967
PzG Inc.,Rapid City,South Dakota,864289,Neo-Nazi,4,0.46280815791939967
American Identity Movement,NA,South Dakota,864289,White Nationalist,4,0.46280815791939967
The Right Stuff,NA,South Dakota,864289,White Nationalist,4,0.46280815791939967
Blood River Radio,Bartlett,Tennessee,6651089,White Nationalist,38,0.5713350099510021
The Political Cesspool,Bartlett,Tennessee,6651089,White Nationalist,38,0.5713350099510021
Warriors for Christ,Bristol,Tennessee,6651089,Anti-LGBTQ,38,0.5713350099510021
Nation of Islam,Chattanooga,Tennessee,6651089,Black Separatist,38,0.5713350099510021
ACT for America,Coffee County,Tennessee,6651089,Anti-Muslim,38,0.5713350099510021
Alliance of American Klans,Cookeville,Tennessee,6651089,Ku Klux Klan,38,0.5713350099510021
Identity Dixie,Cookeville,Tennessee,6651089,Neo-Confederate,38,0.5713350099510021
Wotan's Nation,Decatur,Tennessee,6651089,Neo-Volkisch,38,0.5713350099510021
Proclaiming Justice to the Nations,Franklin,Tennessee,6651089,Anti-Muslim,38,0.5713350099510021
League of the South,Gallatin,Tennessee,6651089,Neo-Confederate,38,0.5713350099510021
All Scripture Baptist Church,Knoxville,Tennessee,6651089,Anti-LGBTQ,38,0.5713350099510021
ACT for America,Knoxville,Tennessee,6651089,Anti-Muslim,38,0.5713350099510021
League of the South,Knoxville,Tennessee,6651089,Neo-Confederate,38,0.5713350099510021
Legion of St. Ambrose,Knoxville,Tennessee,6651089,White Nationalist,38,0.5713350099510021
Shieldwall Network,Knoxville,Tennessee,6651089,White Nationalist,38,0.5713350099510021
National Alliance,Laurel Bloomery,Tennessee,6651089,Neo-Nazi,38,0.5713350099510021
Great Millstone,Memphis,Tennessee,6651089,Black Separatist,38,0.5713350099510021
Israel United In Christ,Memphis,Tennessee,6651089,Black Separatist,38,0.5713350099510021
Nation of Islam,Memphis,Tennessee,6651089,Black Separatist,38,0.5713350099510021
New Black Panther Party for Self Defense,Memphis,Tennessee,6651089,Black Separatist,38,0.5713350099510021
Confederate 901,Memphis,Tennessee,6651089,Neo-Confederate,38,0.5713350099510021
The Right Stuff,Memphis,Tennessee,6651089,White Nationalist,38,0.5713350099510021
United Klans of America,Morrison,Tennessee,6651089,Ku Klux Klan,38,0.5713350099510021
Sacred Truth Publishing & Ministries,Mountain City,Tennessee,6651089,Christian Identity,38,0.5713350099510021
Political Islam,Nashville,Tennessee,6651089,Anti-Muslim,38,0.5713350099510021
Great Millstone,Nashville,Tennessee,6651089,Black Separatist,38,0.5713350099510021
Israel United In Christ,Nashville,Tennessee,6651089,Black Separatist,38,0.5713350099510021
Israelite School of Universal Practical Knowledge,Nashville,Tennessee,6651089,Black Separatist,38,0.5713350099510021
Dixie Giftshop,NA,Tennessee,6651089,General Hate,38,0.5713350099510021
Proud Boys,NA,Tennessee,6651089,General Hate,38,0.5713350099510021
American Christian Dixie Knights of the Ku Klux Klan,NA,Tennessee,6651089,Ku Klux Klan,38,0.5713350099510021
Exalted Knights of the Ku Klux Klan,NA,Tennessee,6651089,Ku Klux Klan,38,0.5713350099510021
National Socialist Movement,NA,Tennessee,6651089,Neo-Nazi,38,0.5713350099510021
Asatru Folk Assembly,NA,Tennessee,6651089,Neo-Volkisch,38,0.5713350099510021
Wolves of Vinland,NA,Tennessee,6651089,Neo-Volkisch,38,0.5713350099510021
United Skinhead Nation,NA,Tennessee,6651089,Racist Skinhead,38,0.5713350099510021
American Identity Movement,NA,Tennessee,6651089,White Nationalist,38,0.5713350099510021
Patriot Front,NA,Tennessee,6651089,White Nationalist,38,0.5713350099510021
Mass Resistance,Austin,Texas,27885195,Anti-LGBTQ,63,0.2259263383311467
ACT for America,Austin,Texas,27885195,Anti-Muslim,63,0.2259263383311467
Israel United In Christ,Austin,Texas,27885195,Black Separatist,63,0.2259263383311467
Israelite School of Universal Practical Knowledge,Austin,Texas,27885195,Black Separatist,63,0.2259263383311467
Nation of Islam,Austin,Texas,27885195,Black Separatist,63,0.2259263383311467
Power of Prophecy,Austin,Texas,27885195,General Hate,63,0.2259263383311467
Proud Boys,Austin,Texas,27885195,General Hate,63,0.2259263383311467
Cursus Honorum Foundation,Austin,Texas,27885195,White Nationalist,63,0.2259263383311467
G416 Patriots,Boerne,Texas,27885195,Anti-Muslim,63,0.2259263383311467
Truth in Textbooks,Boerne,Texas,27885195,Anti-Muslim,63,0.2259263383311467
Ulfur Hrafn Kindred,Canyon Lake,Texas,27885195,Neo-Volkisch,63,0.2259263383311467
Israel United In Christ,Corpus Christi,Texas,27885195,Black Separatist,63,0.2259263383311467
Mass Resistance,Dallas,Texas,27885195,Anti-LGBTQ,63,0.2259263383311467
Understanding the Threat,Dallas,Texas,27885195,Anti-Muslim,63,0.2259263383311467
Great Millstone,Dallas,Texas,27885195,Black Separatist,63,0.2259263383311467
Israel United In Christ,Dallas,Texas,27885195,Black Separatist,63,0.2259263383311467
Israelite School of Universal Practical Knowledge,Dallas,Texas,27885195,Black Separatist,63,0.2259263383311467
Nation of Islam,Dallas,Texas,27885195,Black Separatist,63,0.2259263383311467
OneBody in Yahawashi,Dallas,Texas,27885195,Black Separatist,63,0.2259263383311467
Sicarii 1715,Dallas,Texas,27885195,Black Separatist,63,0.2259263383311467
American Identity Movement,Dallas,Texas,27885195,White Nationalist,63,0.2259263383311467
White Knights of Texas,DeKalb,Texas,27885195,Ku Klux Klan,63,0.2259263383311467
ISD Records/NS88 Video,Denison,Texas,27885195,Hate Music,63,0.2259263383311467
Tom Brown Ministries,El Paso,Texas,27885195,Anti-LGBTQ,63,0.2259263383311467
Mass Resistance,Fort Worth,Texas,27885195,Anti-LGBTQ,63,0.2259263383311467
Stedfast Baptist Church,Fort Worth,Texas,27885195,Anti-LGBTQ,63,0.2259263383311467
Israelite School of Universal Practical Knowledge,Fort Worth,Texas,27885195,Black Separatist,63,0.2259263383311467
Nation of Islam,Fort Worth,Texas,27885195,Black Separatist,63,0.2259263383311467
Patriotic Brigade Knights of the Ku Klux Klan,Gladewater,Texas,27885195,Ku Klux Klan,63,0.2259263383311467
American Freedom Party,Granbury,Texas,27885195,White Nationalist,63,0.2259263383311467
Texans for Immigration Reduction and Enforcement,Houston,Texas,27885195,Anti-Immigrant,63,0.2259263383311467
The Remembrance Project,Houston,Texas,27885195,Anti-Immigrant,63,0.2259263383311467
Mass Resistance,Houston,Texas,27885195,Anti-LGBTQ,63,0.2259263383311467
ACT for America,Houston,Texas,27885195,Anti-Muslim,63,0.2259263383311467
Great Millstone,Houston,Texas,27885195,Black Separatist,63,0.2259263383311467
Israel United In Christ,Houston,Texas,27885195,Black Separatist,63,0.2259263383311467
Israelite School of Universal Practical Knowledge,Houston,Texas,27885195,Black Separatist,63,0.2259263383311467
Mountains of Israel,Houston,Texas,27885195,Black Separatist,63,0.2259263383311467
Nation of Islam,Houston,Texas,27885195,Black Separatist,63,0.2259263383311467
New Black Panther Party,Houston,Texas,27885195,Black Separatist,63,0.2259263383311467
Proud Boys,Houston,Texas,27885195,General Hate,63,0.2259263383311467
A Voice For Men,Houston,Texas,27885195,Male Supremacy,63,0.2259263383311467
Bureau on American Islamic Relations,Irving,Texas,27885195,Anti-Muslim,63,0.2259263383311467
carolynyeager.net,Kerrville,Texas,27885195,Holocaust Denial,63,0.2259263383311467
Faith and Heritage,Killeen,Texas,27885195,White Nationalist,63,0.2259263383311467
Israel United In Christ,Lubbock,Texas,27885195,Black Separatist,63,0.2259263383311467
Probe Ministries,Plano,Texas,27885195,Anti-LGBTQ,63,0.2259263383311467
Tribal Theocrat,Plano,Texas,27885195,White Nationalist,63,0.2259263383311467
Great Millstone,San Antonio,Texas,27885195,Black Separatist,63,0.2259263383311467
Israel United In Christ,San Antonio,Texas,27885195,Black Separatist,63,0.2259263383311467
Nation of Islam,San Antonio,Texas,27885195,Black Separatist,63,0.2259263383311467
Odinsvakt Kindred,San Antonio,Texas,27885195,Neo-Volkisch,63,0.2259263383311467
Concerned Christian Citizens,Temple,Texas,27885195,Anti-LGBTQ,63,0.2259263383311467
Woden's Folk Kindred,Waxahachie,Texas,27885195,Neo-Volkisch,63,0.2259263383311467
Proud Boys,NA,Texas,27885195,General Hate,63,0.2259263383311467
Identity Dixie,NA,Texas,27885195,Neo-Confederate,63,0.2259263383311467
Atomwaffen Division,NA,Texas,27885195,Neo-Nazi,63,0.2259263383311467
Feuerkrieg Division,NA,Texas,27885195,Neo-Nazi,63,0.2259263383311467
The Daily Stormer,NA,Texas,27885195,Neo-Nazi,63,0.2259263383311467
Asatru Folk Assembly,NA,Texas,27885195,Neo-Volkisch,63,0.2259263383311467
Midland Hammerskins,NA,Texas,27885195,Racist Skinhead,63,0.2259263383311467
Vinlanders Social Club,NA,Texas,27885195,Racist Skinhead,63,0.2259263383311467
Patriot Front,NA,Texas,27885195,White Nationalist,63,0.2259263383311467
Kingston Group,Salt Lake City,Utah,3045350,General Hate,5,0.1641847406702021
American Identity Movement,Salt Lake City,Utah,3045350,White Nationalist,5,0.1641847406702021
Proud Boys,NA,Utah,3045350,General Hate,5,0.1641847406702021
Asatru Folk Assembly,NA,Utah,3045350,Neo-Volkisch,5,0.1641847406702021
Patriot Front,NA,Utah,3045350,White Nationalist,5,0.1641847406702021
National Socialist Movement,NA,Vermont,624977,Neo-Nazi,2,0.32001177643337275
Patriot Front,NA,Vermont,624977,White Nationalist,2,0.32001177643337275
American Identity Movement,Alexandria,Virginia,8413774,White Nationalist,36,0.4278698239339445
National Policy Institute,Alexandria,Virginia,8413774,White Nationalist,36,0.4278698239339445
Radix Journal,Alexandria,Virginia,8413774,White Nationalist,36,0.4278698239339445
Washington Summit Publishers,Alexandria,Virginia,8413774,White Nationalist,36,0.4278698239339445
ProEnglish,Arlington,Virginia,8413774,Anti-Immigrant,36,0.4278698239339445
League of the South,Danville,Virginia,8413774,Neo-Confederate,36,0.4278698239339445
Christian Action Network,Forest,Virginia,8413774,Anti-Muslim,36,0.4278698239339445
United Kingdom of Israel Congregation,Hampton,Virginia,8413774,Black Separatist,36,0.4278698239339445
Red Ice,Harrisonburg,Virginia,8413774,White Nationalist,36,0.4278698239339445
Virginia Christian Alliance,Henrico,Virginia,8413774,Anti-Muslim,36,0.4278698239339445
Wolves of Vinland,Lynchburg,Virginia,8413774,Neo-Volkisch,36,0.4278698239339445
Rebel Brigade Knights True Invisible Empire,Martinsville,Virginia,8413774,Ku Klux Klan,36,0.4278698239339445
Public Advocate of the United States,Merrifield,Virginia,8413774,Anti-LGBTQ,36,0.4278698239339445
American Immigration Control Foundation/Americans for Immigration Control,Monterey,Virginia,8413774,Anti-Immigrant,36,0.4278698239339445
Israel United In Christ,Newport News,Virginia,8413774,Black Separatist,36,0.4278698239339445
Nation of Islam,Norfolk,Virginia,8413774,Black Separatist,36,0.4278698239339445
IHS Press,Norfolk,Virginia,8413774,Radical Traditional Catholicism,36,0.4278698239339445
American Renaissance/New Century Foundation,Oakton,Virginia,8413774,White Nationalist,36,0.4278698239339445
Israelite School of Universal Practical Knowledge,Richmond,Virginia,8413774,Black Separatist,36,0.4278698239339445
Israelites Saints of Christ,Richmond,Virginia,8413774,Black Separatist,36,0.4278698239339445
Nation of Islam,Richmond,Virginia,8413774,Black Separatist,36,0.4278698239339445
Proud Boys,Richmond,Virginia,8413774,General Hate,36,0.4278698239339445
Confederate Knights of the Ku Klux Klan,Richmond,Virginia,8413774,Ku Klux Klan,36,0.4278698239339445
BeaSSt Productions,Roanoke,Virginia,8413774,Hate Music,36,0.4278698239339445
Identity Dixie,Statewide,Virginia,8413774,Neo-Confederate,36,0.4278698239339445
The Fitzgerald Griffin Foundation,Vienna,Virginia,8413774,White Nationalist,36,0.4278698239339445
VDARE Foundation,Warrenton,Virginia,8413774,White Nationalist,36,0.4278698239339445
Loyal White Knights of the Ku Klux Klan,NA,Virginia,8413774,Ku Klux Klan,36,0.4278698239339445
Atomwaffen Division,NA,Virginia,8413774,Neo-Nazi,36,0.4278698239339445
Asatru Folk Assembly,NA,Virginia,8413774,Neo-Volkisch,36,0.4278698239339445
Blood and Honour Social Club,NA,Virginia,8413774,Racist Skinhead,36,0.4278698239339445
Blood and Honour USA,NA,Virginia,8413774,Racist Skinhead,36,0.4278698239339445
Crew 38,NA,Virginia,8413774,Racist Skinhead,36,0.4278698239339445
Firm 22,NA,Virginia,8413774,Racist Skinhead,36,0.4278698239339445
National Assembly,NA,Virginia,8413774,White Nationalist,36,0.4278698239339445
Patriot Front,NA,Virginia,8413774,White Nationalist,36,0.4278698239339445
Fortress of Faith,Bellingham,Washington,7294336,Anti-Muslim,30,0.4112780107743872
Northwest Front,Bremerton,Washington,7294336,White Nationalist,30,0.4112780107743872
Respect Washington,Burien,Washington,7294336,Anti-Immigrant,30,0.4112780107743872
Truth in Love Project,Chattaroy,Washington,7294336,Anti-Muslim,30,0.4112780107743872
Our Place Fellowship,Colville,Washington,7294336,Christian Identity,30,0.4112780107743872
Mass Resistance,Seattle,Washington,7294336,Anti-LGBTQ,30,0.4112780107743872
Pacific Justice Institute,Seattle,Washington,7294336,Anti-LGBTQ,30,0.4112780107743872
Israel United In Christ,Seattle,Washington,7294336,Black Separatist,30,0.4112780107743872
New Black Panther Party for Self Defense,Seattle,Washington,7294336,Black Separatist,30,0.4112780107743872
Sicarii 1715,Seattle,Washington,7294336,Black Separatist,30,0.4112780107743872
Proud Boys,Seattle,Washington,7294336,General Hate,30,0.4112780107743872
American Identity Movement,Seattle,Washington,7294336,White Nationalist,30,0.4112780107743872
Counter-Currents Publishing,Seattle,Washington,7294336,White Nationalist,30,0.4112780107743872
Sure Foundation Baptist Church,Spokane,Washington,7294336,Anti-LGBTQ,30,0.4112780107743872
Proud Boys,Spokane,Washington,7294336,General Hate,30,0.4112780107743872
ACT for America,Spokane Valley,Washington,7294336,Anti-Muslim,30,0.4112780107743872
Proud Boys,Tacoma,Washington,7294336,General Hate,30,0.4112780107743872
Sure Foundation Baptist Church,Vancouver,Washington,7294336,Anti-LGBTQ,30,0.4112780107743872
Proud Boys,Vancouver,Washington,7294336,General Hate,30,0.4112780107743872
Atomwaffen Division,NA,Washington,7294336,Neo-Nazi,30,0.4112780107743872
Feuerkrieg Division,NA,Washington,7294336,Neo-Nazi,30,0.4112780107743872
The Daily Stormer,NA,Washington,7294336,Neo-Nazi,30,0.4112780107743872
Asatru Folk Assembly,NA,Washington,7294336,Neo-Volkisch,30,0.4112780107743872
Pacific Northwest Wolfpack Kindred,NA,Washington,7294336,Neo-Volkisch,30,0.4112780107743872
Wolves of Vinland,NA,Washington,7294336,Neo-Volkisch,30,0.4112780107743872
Crew 38,NA,Washington,7294336,Racist Skinhead,30,0.4112780107743872
Northwest Hammerskins,NA,Washington,7294336,Racist Skinhead,30,0.4112780107743872
Vinlanders Social Club,NA,Washington,7294336,Racist Skinhead,30,0.4112780107743872
Patriot Front,NA,Washington,7294336,White Nationalist,30,0.4112780107743872
The Base,NA,Washington,7294336,White Nationalist,30,0.4112780107743872
ACT for America,Charleston,West Virginia,1829054,Anti-Muslim,4,0.21869228573896668
American Identity Movement,Harpers Ferry,West Virginia,1829054,White Nationalist,4,0.21869228573896668
National Alliance,Hillsboro,West Virginia,1829054,Neo-Nazi,4,0.21869228573896668
Patriot Front,NA,West Virginia,1829054,White Nationalist,4,0.21869228573896668
Great Millstone,Milwaukee,Wisconsin,5778394,Black Separatist,15,0.2595876985889159
Israelite School of Universal Practical Knowledge,Milwaukee,Wisconsin,5778394,Black Separatist,15,0.2595876985889159
Nation of Islam,Milwaukee,Wisconsin,5778394,Black Separatist,15,0.2595876985889159
Stahlhelm Records,Milwaukee,Wisconsin,5778394,Hate Music,15,0.2595876985889159
New Order,Milwaukee,Wisconsin,5778394,Neo-Nazi,15,0.2595876985889159
The Heathen Coalition,Milwaukee,Wisconsin,5778394,Neo-Volkisch,15,0.2595876985889159
Pilgrims Covenant Church,Monroe,Wisconsin,5778394,Anti-LGBTQ,15,0.2595876985889159
ACT for America,Oostburg,Wisconsin,5778394,Anti-Muslim,15,0.2595876985889159
Radio Wehrwolf,NA,Wisconsin,5778394,Neo-Nazi,15,0.2595876985889159
The Daily Stormer,NA,Wisconsin,5778394,Neo-Nazi,15,0.2595876985889159
American Freedom Party,NA,Wisconsin,5778394,White Nationalist,15,0.2595876985889159
American Identity Movement,NA,Wisconsin,5778394,White Nationalist,15,0.2595876985889159
Patriot Front,NA,Wisconsin,5778394,White Nationalist,15,0.2595876985889159
The Base,NA,Wisconsin,5778394,White Nationalist,15,0.2595876985889159
The Right Stuff,NA,Wisconsin,5778394,White Nationalist,15,0.2595876985889159
American Identity Movement,NA,Wyoming,581836,White Nationalist,1,0.17186973648932002
